"gender","percentage"
"F",37.2270146921065697
"M",62.7729853078934303
